{
    "$schema": "https://schema.management.azure.com/schemas/2015-01-01/deploymentParameters.json#",
    "contentVersion": "1.0.0.0",
    "parameters": {
        "virtualMachines_AZE_DC01_name": {
            "value": null
        },
        "virtualMachines_AZE_SQL01_name": {
            "value": null
        },
        "virtualNetworks_AZC_vnet_02_name": {
            "value": null
        },
        "virtualNetworks_AZE_vnet_01_name": {
            "value": null
        },
        "virtualMachines_AZC_Device02_name": {
            "value": null
        },
        "virtualMachines_AZE_Device01_name": {
            "value": null
        },
        "virtualMachines_AZE_MECM_PS01_name": {
            "value": null
        },
        "networkInterfaces_aze_dc01215_name": {
            "value": null
        },
        "networkInterfaces_aze_sql0150_name": {
            "value": null
        },
        "publicIPAddresses_AZE_DC01_ip_name": {
            "value": null
        },
        "publicIPAddresses_AZE_SQL01_ip_name": {
            "value": null
        },
        "networkSecurityGroups_AZC_NSG_02_name": {
            "value": null
        },
        "networkSecurityGroups_AZE_NSG_01_name": {
            "value": null
        },
        "networkInterfaces_azc_device02566_name": {
            "value": null
        },
        "networkInterfaces_aze_device01263_name": {
            "value": null
        },
        "publicIPAddresses_AZC_Device02_ip_name": {
            "value": null
        },
        "publicIPAddresses_AZE_Device01_ip_name": {
            "value": null
        },
        "networkInterfaces_aze_mecm_ps01922_name": {
            "value": null
        },
        "publicIPAddresses_AZE_MECM_PS01_ip_name": {
            "value": null
        }
    }
}