{
    "$schema": "https://schema.management.azure.com/schemas/2019-04-01/deploymentTemplate.json#",
    "contentVersion": "1.0.0.0",
    "parameters": {
        "virtualMachines_AZE_DC01_name": {
            "defaultValue": "AZE-DC01",
            "type": "String"
        },
        "virtualMachines_AZE_SQL01_name": {
            "defaultValue": "AZE-SQL01",
            "type": "String"
        },
        "virtualNetworks_AZC_vnet_02_name": {
            "defaultValue": "AZC-vnet-02",
            "type": "String"
        },
        "virtualNetworks_AZE_vnet_01_name": {
            "defaultValue": "AZE-vnet-01",
            "type": "String"
        },
        "virtualMachines_AZC_Device02_name": {
            "defaultValue": "AZC-Device02",
            "type": "String"
        },
        "virtualMachines_AZE_Device01_name": {
            "defaultValue": "AZE-Device01",
            "type": "String"
        },
        "virtualMachines_AZE_MECM_PS01_name": {
            "defaultValue": "AZE-MECM-PS01",
            "type": "String"
        },
        "networkInterfaces_aze_dc01215_name": {
            "defaultValue": "aze-dc01215",
            "type": "String"
        },
        "networkInterfaces_aze_sql0150_name": {
            "defaultValue": "aze-sql0150",
            "type": "String"
        },
        "publicIPAddresses_AZE_DC01_ip_name": {
            "defaultValue": "AZE-DC01-ip",
            "type": "String"
        },
        "publicIPAddresses_AZE_SQL01_ip_name": {
            "defaultValue": "AZE-SQL01-ip",
            "type": "String"
        },
        "networkSecurityGroups_AZC_NSG_02_name": {
            "defaultValue": "AZC-NSG-02",
            "type": "String"
        },
        "networkSecurityGroups_AZE_NSG_01_name": {
            "defaultValue": "AZE-NSG-01",
            "type": "String"
        },
        "networkInterfaces_azc_device02566_name": {
            "defaultValue": "azc-device02566",
            "type": "String"
        },
        "networkInterfaces_aze_device01263_name": {
            "defaultValue": "aze-device01263",
            "type": "String"
        },
        "publicIPAddresses_AZC_Device02_ip_name": {
            "defaultValue": "AZC-Device02-ip",
            "type": "String"
        },
        "publicIPAddresses_AZE_Device01_ip_name": {
            "defaultValue": "AZE-Device01-ip",
            "type": "String"
        },
        "networkInterfaces_aze_mecm_ps01922_name": {
            "defaultValue": "aze-mecm-ps01922",
            "type": "String"
        },
        "publicIPAddresses_AZE_MECM_PS01_ip_name": {
            "defaultValue": "AZE-MECM-PS01-ip",
            "type": "String"
        }
    },
    "variables": {},
    "resources": [
        {
            "type": "Microsoft.Network/networkSecurityGroups",
            "apiVersion": "2024-05-01",
            "name": "[parameters('networkSecurityGroups_AZC_NSG_02_name')]",
            "location": "centralus",
            "properties": {
                "securityRules": [
                    {
                        "name": "RDP",
                        "id": "[resourceId('Microsoft.Network/networkSecurityGroups/securityRules', parameters('networkSecurityGroups_AZC_NSG_02_name'), 'RDP')]",
                        "type": "Microsoft.Network/networkSecurityGroups/securityRules",
                        "properties": {
                            "description": "Allow RDP Connection",
                            "protocol": "TCP",
                            "sourcePortRange": "*",
                            "destinationPortRange": "3389",
                            "sourceAddressPrefix": "*",
                            "destinationAddressPrefix": "*",
                            "access": "Allow",
                            "priority": 300,
                            "direction": "Inbound",
                            "sourcePortRanges": [],
                            "destinationPortRanges": [],
                            "sourceAddressPrefixes": [],
                            "destinationAddressPrefixes": []
                        }
                    }
                ]
            }
        },
        {
            "type": "Microsoft.Network/networkSecurityGroups",
            "apiVersion": "2024-05-01",
            "name": "[parameters('networkSecurityGroups_AZE_NSG_01_name')]",
            "location": "eastus",
            "properties": {
                "securityRules": [
                    {
                        "name": "RDP",
                        "id": "[resourceId('Microsoft.Network/networkSecurityGroups/securityRules', parameters('networkSecurityGroups_AZE_NSG_01_name'), 'RDP')]",
                        "type": "Microsoft.Network/networkSecurityGroups/securityRules",
                        "properties": {
                            "description": "This rule allow RDP connection",
                            "protocol": "TCP",
                            "sourcePortRange": "*",
                            "destinationPortRange": "3389",
                            "sourceAddressPrefix": "*",
                            "destinationAddressPrefix": "*",
                            "access": "Allow",
                            "priority": 300,
                            "direction": "Inbound",
                            "sourcePortRanges": [],
                            "destinationPortRanges": [],
                            "sourceAddressPrefixes": [],
                            "destinationAddressPrefixes": []
                        }
                    }
                ]
            }
        },
        {
            "type": "Microsoft.Network/publicIPAddresses",
            "apiVersion": "2024-05-01",
            "name": "[parameters('publicIPAddresses_AZC_Device02_ip_name')]",
            "location": "centralus",
            "sku": {
                "name": "Standard",
                "tier": "Regional"
            },
            "properties": {
                "ipAddress": "132.196.24.79",
                "publicIPAddressVersion": "IPv4",
                "publicIPAllocationMethod": "Static",
                "idleTimeoutInMinutes": 4,
                "ipTags": []
            }
        },
        {
            "type": "Microsoft.Network/publicIPAddresses",
            "apiVersion": "2024-05-01",
            "name": "[parameters('publicIPAddresses_AZE_DC01_ip_name')]",
            "location": "eastus",
            "sku": {
                "name": "Standard",
                "tier": "Regional"
            },
            "zones": [
                "1",
                "2",
                "3"
            ],
            "properties": {
                "ipAddress": "172.212.27.155",
                "publicIPAddressVersion": "IPv4",
                "publicIPAllocationMethod": "Static",
                "idleTimeoutInMinutes": 4,
                "ipTags": []
            }
        },
        {
            "type": "Microsoft.Network/publicIPAddresses",
            "apiVersion": "2024-05-01",
            "name": "[parameters('publicIPAddresses_AZE_Device01_ip_name')]",
            "location": "eastus",
            "sku": {
                "name": "Standard",
                "tier": "Regional"
            },
            "properties": {
                "ipAddress": "20.39.36.159",
                "publicIPAddressVersion": "IPv4",
                "publicIPAllocationMethod": "Static",
                "idleTimeoutInMinutes": 4,
                "ipTags": []
            }
        },
        {
            "type": "Microsoft.Network/publicIPAddresses",
            "apiVersion": "2024-05-01",
            "name": "[parameters('publicIPAddresses_AZE_MECM_PS01_ip_name')]",
            "location": "eastus",
            "sku": {
                "name": "Standard",
                "tier": "Regional"
            },
            "properties": {
                "ipAddress": "172.172.225.125",
                "publicIPAddressVersion": "IPv4",
                "publicIPAllocationMethod": "Static",
                "idleTimeoutInMinutes": 4,
                "ipTags": []
            }
        },
        {
            "type": "Microsoft.Network/publicIPAddresses",
            "apiVersion": "2024-05-01",
            "name": "[parameters('publicIPAddresses_AZE_SQL01_ip_name')]",
            "location": "eastus",
            "sku": {
                "name": "Standard",
                "tier": "Regional"
            },
            "zones": [
                "1",
                "2",
                "3"
            ],
            "properties": {
                "ipAddress": "51.8.58.182",
                "publicIPAddressVersion": "IPv4",
                "publicIPAllocationMethod": "Static",
                "idleTimeoutInMinutes": 4,
                "ipTags": []
            }
        },
        {
            "type": "Microsoft.Compute/virtualMachines",
            "apiVersion": "2024-11-01",
            "name": "[parameters('virtualMachines_AZC_Device02_name')]",
            "location": "centralus",
            "dependsOn": [
                "[resourceId('Microsoft.Network/networkInterfaces', parameters('networkInterfaces_azc_device02566_name'))]"
            ],
            "properties": {
                "hardwareProfile": {
                    "vmSize": "Standard_DS1_v2"
                },
                "additionalCapabilities": {
                    "hibernationEnabled": false
                },
                "storageProfile": {
                    "imageReference": {
                        "publisher": "microsoftwindowsdesktop",
                        "offer": "windows-11",
                        "sku": "win11-24h2-pro",
                        "version": "latest"
                    },
                    "osDisk": {
                        "osType": "Windows",
                        "name": "[concat(parameters('virtualMachines_AZC_Device02_name'), '_OsDisk_1_05e3ebb98eff4cc2a33cc6390010c606')]",
                        "createOption": "FromImage",
                        "caching": "ReadWrite",
                        "managedDisk": {
                            "id": "[resourceId('Microsoft.Compute/disks', concat(parameters('virtualMachines_AZC_Device02_name'), '_OsDisk_1_05e3ebb98eff4cc2a33cc6390010c606'))]"
                        },
                        "deleteOption": "Delete"
                    },
                    "dataDisks": [],
                    "diskControllerType": "SCSI"
                },
                "osProfile": {
                    "computerName": "[parameters('virtualMachines_AZC_Device02_name')]",
                    "adminUsername": "da-kclement",
                    "windowsConfiguration": {
                        "provisionVMAgent": true,
                        "enableAutomaticUpdates": true,
                        "patchSettings": {
                            "patchMode": "AutomaticByOS",
                            "assessmentMode": "ImageDefault",
                            "enableHotpatching": false
                        }
                    },
                    "secrets": [],
                    "allowExtensionOperations": true,
                    "requireGuestProvisionSignal": true
                },
                "networkProfile": {
                    "networkInterfaces": [
                        {
                            "id": "[resourceId('Microsoft.Network/networkInterfaces', parameters('networkInterfaces_azc_device02566_name'))]",
                            "properties": {
                                "deleteOption": "Detach"
                            }
                        }
                    ]
                },
                "diagnosticsProfile": {
                    "bootDiagnostics": {
                        "enabled": true
                    }
                },
                "licenseType": "Windows_Client"
            }
        },
        {
            "type": "Microsoft.Compute/virtualMachines",
            "apiVersion": "2024-11-01",
            "name": "[parameters('virtualMachines_AZE_DC01_name')]",
            "location": "eastus",
            "dependsOn": [
                "[resourceId('Microsoft.Network/networkInterfaces', parameters('networkInterfaces_aze_dc01215_name'))]"
            ],
            "properties": {
                "hardwareProfile": {
                    "vmSize": "Standard_DS1_v2"
                },
                "additionalCapabilities": {
                    "hibernationEnabled": false
                },
                "storageProfile": {
                    "imageReference": {
                        "publisher": "MicrosoftWindowsServer",
                        "offer": "WindowsServer",
                        "sku": "2019-datacenter-gensecond",
                        "version": "latest"
                    },
                    "osDisk": {
                        "osType": "Windows",
                        "name": "[concat(parameters('virtualMachines_AZE_DC01_name'), '_OsDisk_1_8ac766a600e94458ab3b31a128205a08')]",
                        "createOption": "FromImage",
                        "caching": "ReadWrite",
                        "managedDisk": {
                            "id": "[resourceId('Microsoft.Compute/disks', concat(parameters('virtualMachines_AZE_DC01_name'), '_OsDisk_1_8ac766a600e94458ab3b31a128205a08'))]"
                        },
                        "deleteOption": "Delete"
                    },
                    "dataDisks": [],
                    "diskControllerType": "SCSI"
                },
                "osProfile": {
                    "computerName": "[parameters('virtualMachines_AZE_DC01_name')]",
                    "adminUsername": "da-kclement",
                    "windowsConfiguration": {
                        "provisionVMAgent": true,
                        "enableAutomaticUpdates": true,
                        "patchSettings": {
                            "patchMode": "AutomaticByOS",
                            "assessmentMode": "ImageDefault",
                            "enableHotpatching": false
                        }
                    },
                    "secrets": [],
                    "allowExtensionOperations": true,
                    "requireGuestProvisionSignal": true
                },
                "networkProfile": {
                    "networkInterfaces": [
                        {
                            "id": "[resourceId('Microsoft.Network/networkInterfaces', parameters('networkInterfaces_aze_dc01215_name'))]",
                            "properties": {
                                "deleteOption": "Detach"
                            }
                        }
                    ]
                },
                "diagnosticsProfile": {
                    "bootDiagnostics": {
                        "enabled": true
                    }
                }
            }
        },
        {
            "type": "Microsoft.Compute/virtualMachines",
            "apiVersion": "2024-11-01",
            "name": "[parameters('virtualMachines_AZE_Device01_name')]",
            "location": "eastus",
            "dependsOn": [
                "[resourceId('Microsoft.Network/networkInterfaces', parameters('networkInterfaces_aze_device01263_name'))]"
            ],
            "properties": {
                "hardwareProfile": {
                    "vmSize": "Standard_DS1_v2"
                },
                "additionalCapabilities": {
                    "hibernationEnabled": false
                },
                "storageProfile": {
                    "imageReference": {
                        "publisher": "microsoftwindowsdesktop",
                        "offer": "windows-11",
                        "sku": "win11-24h2-pro",
                        "version": "latest"
                    },
                    "osDisk": {
                        "osType": "Windows",
                        "name": "[concat(parameters('virtualMachines_AZE_Device01_name'), '_OsDisk_1_1a25c4dd455d4acbadbc7f656406e73c')]",
                        "createOption": "FromImage",
                        "caching": "ReadWrite",
                        "managedDisk": {
                            "id": "[resourceId('Microsoft.Compute/disks', concat(parameters('virtualMachines_AZE_Device01_name'), '_OsDisk_1_1a25c4dd455d4acbadbc7f656406e73c'))]"
                        },
                        "deleteOption": "Delete"
                    },
                    "dataDisks": [],
                    "diskControllerType": "SCSI"
                },
                "osProfile": {
                    "computerName": "[parameters('virtualMachines_AZE_Device01_name')]",
                    "adminUsername": "da-kclement",
                    "windowsConfiguration": {
                        "provisionVMAgent": true,
                        "enableAutomaticUpdates": true,
                        "patchSettings": {
                            "patchMode": "AutomaticByOS",
                            "assessmentMode": "ImageDefault",
                            "enableHotpatching": false
                        }
                    },
                    "secrets": [],
                    "allowExtensionOperations": true,
                    "requireGuestProvisionSignal": true
                },
                "networkProfile": {
                    "networkInterfaces": [
                        {
                            "id": "[resourceId('Microsoft.Network/networkInterfaces', parameters('networkInterfaces_aze_device01263_name'))]",
                            "properties": {
                                "deleteOption": "Detach"
                            }
                        }
                    ]
                },
                "diagnosticsProfile": {
                    "bootDiagnostics": {
                        "enabled": true
                    }
                },
                "licenseType": "Windows_Client"
            }
        },
        {
            "type": "Microsoft.Compute/virtualMachines",
            "apiVersion": "2024-11-01",
            "name": "[parameters('virtualMachines_AZE_MECM_PS01_name')]",
            "location": "eastus",
            "dependsOn": [
                "[resourceId('Microsoft.Network/networkInterfaces', parameters('networkInterfaces_aze_mecm_ps01922_name'))]"
            ],
            "properties": {
                "hardwareProfile": {
                    "vmSize": "Standard_DS1_v2"
                },
                "additionalCapabilities": {
                    "hibernationEnabled": false
                },
                "storageProfile": {
                    "imageReference": {
                        "publisher": "MicrosoftWindowsServer",
                        "offer": "WindowsServer",
                        "sku": "2019-datacenter-gensecond",
                        "version": "latest"
                    },
                    "osDisk": {
                        "osType": "Windows",
                        "name": "[concat(parameters('virtualMachines_AZE_MECM_PS01_name'), '_OsDisk_1_e6752bd9ef33450cac147b22420a7eeb')]",
                        "createOption": "FromImage",
                        "caching": "ReadWrite",
                        "managedDisk": {
                            "id": "[resourceId('Microsoft.Compute/disks', concat(parameters('virtualMachines_AZE_MECM_PS01_name'), '_OsDisk_1_e6752bd9ef33450cac147b22420a7eeb'))]"
                        },
                        "deleteOption": "Delete"
                    },
                    "dataDisks": [],
                    "diskControllerType": "SCSI"
                },
                "osProfile": {
                    "computerName": "[parameters('virtualMachines_AZE_MECM_PS01_name')]",
                    "adminUsername": "da-kclement",
                    "windowsConfiguration": {
                        "provisionVMAgent": true,
                        "enableAutomaticUpdates": true,
                        "patchSettings": {
                            "patchMode": "AutomaticByOS",
                            "assessmentMode": "ImageDefault",
                            "enableHotpatching": false
                        }
                    },
                    "secrets": [],
                    "allowExtensionOperations": true,
                    "requireGuestProvisionSignal": true
                },
                "networkProfile": {
                    "networkInterfaces": [
                        {
                            "id": "[resourceId('Microsoft.Network/networkInterfaces', parameters('networkInterfaces_aze_mecm_ps01922_name'))]",
                            "properties": {
                                "deleteOption": "Detach"
                            }
                        }
                    ]
                },
                "diagnosticsProfile": {
                    "bootDiagnostics": {
                        "enabled": true
                    }
                }
            }
        },
        {
            "type": "Microsoft.Compute/virtualMachines",
            "apiVersion": "2024-11-01",
            "name": "[parameters('virtualMachines_AZE_SQL01_name')]",
            "location": "eastus",
            "dependsOn": [
                "[resourceId('Microsoft.Network/networkInterfaces', parameters('networkInterfaces_aze_sql0150_name'))]"
            ],
            "properties": {
                "hardwareProfile": {
                    "vmSize": "Standard_DS1_v2"
                },
                "additionalCapabilities": {
                    "hibernationEnabled": false
                },
                "storageProfile": {
                    "imageReference": {
                        "publisher": "MicrosoftWindowsServer",
                        "offer": "WindowsServer",
                        "sku": "2019-datacenter-gensecond",
                        "version": "latest"
                    },
                    "osDisk": {
                        "osType": "Windows",
                        "name": "[concat(parameters('virtualMachines_AZE_SQL01_name'), '_OsDisk_1_b9c1093c4a164dabb3e4df4f66fb5223')]",
                        "createOption": "FromImage",
                        "caching": "ReadWrite",
                        "managedDisk": {
                            "id": "[resourceId('Microsoft.Compute/disks', concat(parameters('virtualMachines_AZE_SQL01_name'), '_OsDisk_1_b9c1093c4a164dabb3e4df4f66fb5223'))]"
                        },
                        "deleteOption": "Delete"
                    },
                    "dataDisks": [],
                    "diskControllerType": "SCSI"
                },
                "osProfile": {
                    "computerName": "[parameters('virtualMachines_AZE_SQL01_name')]",
                    "adminUsername": "da-kclement",
                    "windowsConfiguration": {
                        "provisionVMAgent": true,
                        "enableAutomaticUpdates": true,
                        "patchSettings": {
                            "patchMode": "AutomaticByOS",
                            "assessmentMode": "ImageDefault",
                            "enableHotpatching": false
                        }
                    },
                    "secrets": [],
                    "allowExtensionOperations": true,
                    "requireGuestProvisionSignal": true
                },
                "networkProfile": {
                    "networkInterfaces": [
                        {
                            "id": "[resourceId('Microsoft.Network/networkInterfaces', parameters('networkInterfaces_aze_sql0150_name'))]",
                            "properties": {
                                "deleteOption": "Detach"
                            }
                        }
                    ]
                },
                "diagnosticsProfile": {
                    "bootDiagnostics": {
                        "enabled": true
                    }
                }
            }
        },
        {
            "type": "Microsoft.Network/networkSecurityGroups/securityRules",
            "apiVersion": "2024-05-01",
            "name": "[concat(parameters('networkSecurityGroups_AZC_NSG_02_name'), '/RDP')]",
            "dependsOn": [
                "[resourceId('Microsoft.Network/networkSecurityGroups', parameters('networkSecurityGroups_AZC_NSG_02_name'))]"
            ],
            "properties": {
                "description": "Allow RDP Connection",
                "protocol": "TCP",
                "sourcePortRange": "*",
                "destinationPortRange": "3389",
                "sourceAddressPrefix": "*",
                "destinationAddressPrefix": "*",
                "access": "Allow",
                "priority": 300,
                "direction": "Inbound",
                "sourcePortRanges": [],
                "destinationPortRanges": [],
                "sourceAddressPrefixes": [],
                "destinationAddressPrefixes": []
            }
        },
        {
            "type": "Microsoft.Network/networkSecurityGroups/securityRules",
            "apiVersion": "2024-05-01",
            "name": "[concat(parameters('networkSecurityGroups_AZE_NSG_01_name'), '/RDP')]",
            "dependsOn": [
                "[resourceId('Microsoft.Network/networkSecurityGroups', parameters('networkSecurityGroups_AZE_NSG_01_name'))]"
            ],
            "properties": {
                "description": "This rule allow RDP connection",
                "protocol": "TCP",
                "sourcePortRange": "*",
                "destinationPortRange": "3389",
                "sourceAddressPrefix": "*",
                "destinationAddressPrefix": "*",
                "access": "Allow",
                "priority": 300,
                "direction": "Inbound",
                "sourcePortRanges": [],
                "destinationPortRanges": [],
                "sourceAddressPrefixes": [],
                "destinationAddressPrefixes": []
            }
        },
        {
            "type": "Microsoft.Network/virtualNetworks",
            "apiVersion": "2024-05-01",
            "name": "[parameters('virtualNetworks_AZC_vnet_02_name')]",
            "location": "centralus",
            "dependsOn": [
                "[resourceId('Microsoft.Network/networkSecurityGroups', parameters('networkSecurityGroups_AZC_NSG_02_name'))]",
                "[resourceId('Microsoft.Network/virtualNetworks', parameters('virtualNetworks_AZE_vnet_01_name'))]"
            ],
            "properties": {
                "addressSpace": {
                    "addressPrefixes": [
                        "10.1.0.0/16"
                    ]
                },
                "encryption": {
                    "enabled": false,
                    "enforcement": "AllowUnencrypted"
                },
                "privateEndpointVNetPolicies": "Disabled",
                "dhcpOptions": {
                    "dnsServers": [
                        "10.0.0.4"
                    ]
                },
                "subnets": [
                    {
                        "name": "subnet1",
                        "id": "[resourceId('Microsoft.Network/virtualNetworks/subnets', parameters('virtualNetworks_AZC_vnet_02_name'), 'subnet1')]",
                        "properties": {
                            "addressPrefixes": [
                                "10.1.0.0/24"
                            ],
                            "networkSecurityGroup": {
                                "id": "[resourceId('Microsoft.Network/networkSecurityGroups', parameters('networkSecurityGroups_AZC_NSG_02_name'))]"
                            },
                            "delegations": [],
                            "privateEndpointNetworkPolicies": "Disabled",
                            "privateLinkServiceNetworkPolicies": "Enabled"
                        },
                        "type": "Microsoft.Network/virtualNetworks/subnets"
                    }
                ],
                "virtualNetworkPeerings": [
                    {
                        "name": "AZE-AZC-Vnet-Peering",
                        "id": "[resourceId('Microsoft.Network/virtualNetworks/virtualNetworkPeerings', parameters('virtualNetworks_AZC_vnet_02_name'), 'AZE-AZC-Vnet-Peering')]",
                        "properties": {
                            "peeringState": "Connected",
                            "peeringSyncLevel": "FullyInSync",
                            "remoteVirtualNetwork": {
                                "id": "[resourceId('Microsoft.Network/virtualNetworks', parameters('virtualNetworks_AZE_vnet_01_name'))]"
                            },
                            "allowVirtualNetworkAccess": true,
                            "allowForwardedTraffic": false,
                            "allowGatewayTransit": false,
                            "useRemoteGateways": false,
                            "doNotVerifyRemoteGateways": false,
                            "peerCompleteVnets": true,
                            "remoteAddressSpace": {
                                "addressPrefixes": [
                                    "10.0.0.0/16"
                                ]
                            },
                            "remoteVirtualNetworkAddressSpace": {
                                "addressPrefixes": [
                                    "10.0.0.0/16"
                                ]
                            }
                        },
                        "type": "Microsoft.Network/virtualNetworks/virtualNetworkPeerings"
                    }
                ],
                "enableDdosProtection": false
            }
        },
        {
            "type": "Microsoft.Network/virtualNetworks",
            "apiVersion": "2024-05-01",
            "name": "[parameters('virtualNetworks_AZE_vnet_01_name')]",
            "location": "eastus",
            "dependsOn": [
                "[resourceId('Microsoft.Network/networkSecurityGroups', parameters('networkSecurityGroups_AZE_NSG_01_name'))]",
                "[resourceId('Microsoft.Network/virtualNetworks', parameters('virtualNetworks_AZC_vnet_02_name'))]"
            ],
            "properties": {
                "addressSpace": {
                    "addressPrefixes": [
                        "10.0.0.0/16"
                    ]
                },
                "privateEndpointVNetPolicies": "Disabled",
                "dhcpOptions": {
                    "dnsServers": [
                        "10.0.0.4"
                    ]
                },
                "subnets": [
                    {
                        "name": "default",
                        "id": "[resourceId('Microsoft.Network/virtualNetworks/subnets', parameters('virtualNetworks_AZE_vnet_01_name'), 'default')]",
                        "properties": {
                            "addressPrefix": "10.0.0.0/24",
                            "networkSecurityGroup": {
                                "id": "[resourceId('Microsoft.Network/networkSecurityGroups', parameters('networkSecurityGroups_AZE_NSG_01_name'))]"
                            },
                            "delegations": [],
                            "privateEndpointNetworkPolicies": "Disabled",
                            "privateLinkServiceNetworkPolicies": "Enabled"
                        },
                        "type": "Microsoft.Network/virtualNetworks/subnets"
                    }
                ],
                "virtualNetworkPeerings": [
                    {
                        "name": "AZE-AZC-Vnet-Peering",
                        "id": "[resourceId('Microsoft.Network/virtualNetworks/virtualNetworkPeerings', parameters('virtualNetworks_AZE_vnet_01_name'), 'AZE-AZC-Vnet-Peering')]",
                        "properties": {
                            "peeringState": "Connected",
                            "peeringSyncLevel": "FullyInSync",
                            "remoteVirtualNetwork": {
                                "id": "[resourceId('Microsoft.Network/virtualNetworks', parameters('virtualNetworks_AZC_vnet_02_name'))]"
                            },
                            "allowVirtualNetworkAccess": true,
                            "allowForwardedTraffic": false,
                            "allowGatewayTransit": false,
                            "useRemoteGateways": false,
                            "doNotVerifyRemoteGateways": false,
                            "peerCompleteVnets": true,
                            "remoteAddressSpace": {
                                "addressPrefixes": [
                                    "10.1.0.0/16"
                                ]
                            },
                            "remoteVirtualNetworkAddressSpace": {
                                "addressPrefixes": [
                                    "10.1.0.0/16"
                                ]
                            }
                        },
                        "type": "Microsoft.Network/virtualNetworks/virtualNetworkPeerings"
                    }
                ],
                "enableDdosProtection": false
            }
        },
        {
            "type": "Microsoft.Network/virtualNetworks/subnets",
            "apiVersion": "2024-05-01",
            "name": "[concat(parameters('virtualNetworks_AZE_vnet_01_name'), '/default')]",
            "dependsOn": [
                "[resourceId('Microsoft.Network/virtualNetworks', parameters('virtualNetworks_AZE_vnet_01_name'))]",
                "[resourceId('Microsoft.Network/networkSecurityGroups', parameters('networkSecurityGroups_AZE_NSG_01_name'))]"
            ],
            "properties": {
                "addressPrefix": "10.0.0.0/24",
                "networkSecurityGroup": {
                    "id": "[resourceId('Microsoft.Network/networkSecurityGroups', parameters('networkSecurityGroups_AZE_NSG_01_name'))]"
                },
                "delegations": [],
                "privateEndpointNetworkPolicies": "Disabled",
                "privateLinkServiceNetworkPolicies": "Enabled"
            }
        },
        {
            "type": "Microsoft.Network/virtualNetworks/subnets",
            "apiVersion": "2024-05-01",
            "name": "[concat(parameters('virtualNetworks_AZC_vnet_02_name'), '/subnet1')]",
            "dependsOn": [
                "[resourceId('Microsoft.Network/virtualNetworks', parameters('virtualNetworks_AZC_vnet_02_name'))]",
                "[resourceId('Microsoft.Network/networkSecurityGroups', parameters('networkSecurityGroups_AZC_NSG_02_name'))]"
            ],
            "properties": {
                "addressPrefixes": [
                    "10.1.0.0/24"
                ],
                "networkSecurityGroup": {
                    "id": "[resourceId('Microsoft.Network/networkSecurityGroups', parameters('networkSecurityGroups_AZC_NSG_02_name'))]"
                },
                "delegations": [],
                "privateEndpointNetworkPolicies": "Disabled",
                "privateLinkServiceNetworkPolicies": "Enabled"
            }
        },
        {
            "type": "Microsoft.Network/virtualNetworks/virtualNetworkPeerings",
            "apiVersion": "2024-05-01",
            "name": "[concat(parameters('virtualNetworks_AZC_vnet_02_name'), '/AZE-AZC-Vnet-Peering')]",
            "dependsOn": [
                "[resourceId('Microsoft.Network/virtualNetworks', parameters('virtualNetworks_AZC_vnet_02_name'))]",
                "[resourceId('Microsoft.Network/virtualNetworks', parameters('virtualNetworks_AZE_vnet_01_name'))]"
            ],
            "properties": {
                "peeringState": "Connected",
                "peeringSyncLevel": "FullyInSync",
                "remoteVirtualNetwork": {
                    "id": "[resourceId('Microsoft.Network/virtualNetworks', parameters('virtualNetworks_AZE_vnet_01_name'))]"
                },
                "allowVirtualNetworkAccess": true,
                "allowForwardedTraffic": false,
                "allowGatewayTransit": false,
                "useRemoteGateways": false,
                "doNotVerifyRemoteGateways": false,
                "peerCompleteVnets": true,
                "remoteAddressSpace": {
                    "addressPrefixes": [
                        "10.0.0.0/16"
                    ]
                },
                "remoteVirtualNetworkAddressSpace": {
                    "addressPrefixes": [
                        "10.0.0.0/16"
                    ]
                }
            }
        },
        {
            "type": "Microsoft.Network/virtualNetworks/virtualNetworkPeerings",
            "apiVersion": "2024-05-01",
            "name": "[concat(parameters('virtualNetworks_AZE_vnet_01_name'), '/AZE-AZC-Vnet-Peering')]",
            "dependsOn": [
                "[resourceId('Microsoft.Network/virtualNetworks', parameters('virtualNetworks_AZE_vnet_01_name'))]",
                "[resourceId('Microsoft.Network/virtualNetworks', parameters('virtualNetworks_AZC_vnet_02_name'))]"
            ],
            "properties": {
                "peeringState": "Connected",
                "peeringSyncLevel": "FullyInSync",
                "remoteVirtualNetwork": {
                    "id": "[resourceId('Microsoft.Network/virtualNetworks', parameters('virtualNetworks_AZC_vnet_02_name'))]"
                },
                "allowVirtualNetworkAccess": true,
                "allowForwardedTraffic": false,
                "allowGatewayTransit": false,
                "useRemoteGateways": false,
                "doNotVerifyRemoteGateways": false,
                "peerCompleteVnets": true,
                "remoteAddressSpace": {
                    "addressPrefixes": [
                        "10.1.0.0/16"
                    ]
                },
                "remoteVirtualNetworkAddressSpace": {
                    "addressPrefixes": [
                        "10.1.0.0/16"
                    ]
                }
            }
        },
        {
            "type": "Microsoft.Network/networkInterfaces",
            "apiVersion": "2024-05-01",
            "name": "[parameters('networkInterfaces_azc_device02566_name')]",
            "location": "centralus",
            "dependsOn": [
                "[resourceId('Microsoft.Network/publicIPAddresses', parameters('publicIPAddresses_AZC_Device02_ip_name'))]",
                "[resourceId('Microsoft.Network/virtualNetworks/subnets', parameters('virtualNetworks_AZC_vnet_02_name'), 'subnet1')]",
                "[resourceId('Microsoft.Network/networkSecurityGroups', parameters('networkSecurityGroups_AZC_NSG_02_name'))]"
            ],
            "kind": "Regular",
            "properties": {
                "ipConfigurations": [
                    {
                        "name": "ipconfig1",
                        "id": "[concat(resourceId('Microsoft.Network/networkInterfaces', parameters('networkInterfaces_azc_device02566_name')), '/ipConfigurations/ipconfig1')]",
                        "type": "Microsoft.Network/networkInterfaces/ipConfigurations",
                        "properties": {
                            "privateIPAddress": "10.1.0.4",
                            "privateIPAllocationMethod": "Dynamic",
                            "publicIPAddress": {
                                "id": "[resourceId('Microsoft.Network/publicIPAddresses', parameters('publicIPAddresses_AZC_Device02_ip_name'))]",
                                "properties": {
                                    "deleteOption": "Detach"
                                }
                            },
                            "subnet": {
                                "id": "[resourceId('Microsoft.Network/virtualNetworks/subnets', parameters('virtualNetworks_AZC_vnet_02_name'), 'subnet1')]"
                            },
                            "primary": true,
                            "privateIPAddressVersion": "IPv4"
                        }
                    }
                ],
                "dnsSettings": {
                    "dnsServers": []
                },
                "enableAcceleratedNetworking": true,
                "enableIPForwarding": false,
                "disableTcpStateTracking": false,
                "networkSecurityGroup": {
                    "id": "[resourceId('Microsoft.Network/networkSecurityGroups', parameters('networkSecurityGroups_AZC_NSG_02_name'))]"
                },
                "nicType": "Standard",
                "auxiliaryMode": "None",
                "auxiliarySku": "None"
            }
        },
        {
            "type": "Microsoft.Network/networkInterfaces",
            "apiVersion": "2024-05-01",
            "name": "[parameters('networkInterfaces_aze_dc01215_name')]",
            "location": "eastus",
            "dependsOn": [
                "[resourceId('Microsoft.Network/publicIPAddresses', parameters('publicIPAddresses_AZE_DC01_ip_name'))]",
                "[resourceId('Microsoft.Network/virtualNetworks/subnets', parameters('virtualNetworks_AZE_vnet_01_name'), 'default')]",
                "[resourceId('Microsoft.Network/networkSecurityGroups', parameters('networkSecurityGroups_AZE_NSG_01_name'))]"
            ],
            "kind": "Regular",
            "properties": {
                "ipConfigurations": [
                    {
                        "name": "ipconfig1",
                        "id": "[concat(resourceId('Microsoft.Network/networkInterfaces', parameters('networkInterfaces_aze_dc01215_name')), '/ipConfigurations/ipconfig1')]",
                        "type": "Microsoft.Network/networkInterfaces/ipConfigurations",
                        "properties": {
                            "privateIPAddress": "10.0.0.4",
                            "privateIPAllocationMethod": "Dynamic",
                            "publicIPAddress": {
                                "id": "[resourceId('Microsoft.Network/publicIPAddresses', parameters('publicIPAddresses_AZE_DC01_ip_name'))]"
                            },
                            "subnet": {
                                "id": "[resourceId('Microsoft.Network/virtualNetworks/subnets', parameters('virtualNetworks_AZE_vnet_01_name'), 'default')]"
                            },
                            "primary": true,
                            "privateIPAddressVersion": "IPv4"
                        }
                    }
                ],
                "dnsSettings": {
                    "dnsServers": []
                },
                "enableAcceleratedNetworking": true,
                "enableIPForwarding": false,
                "disableTcpStateTracking": false,
                "networkSecurityGroup": {
                    "id": "[resourceId('Microsoft.Network/networkSecurityGroups', parameters('networkSecurityGroups_AZE_NSG_01_name'))]"
                },
                "nicType": "Standard",
                "auxiliaryMode": "None",
                "auxiliarySku": "None"
            }
        },
        {
            "type": "Microsoft.Network/networkInterfaces",
            "apiVersion": "2024-05-01",
            "name": "[parameters('networkInterfaces_aze_device01263_name')]",
            "location": "eastus",
            "dependsOn": [
                "[resourceId('Microsoft.Network/publicIPAddresses', parameters('publicIPAddresses_AZE_Device01_ip_name'))]",
                "[resourceId('Microsoft.Network/virtualNetworks/subnets', parameters('virtualNetworks_AZE_vnet_01_name'), 'default')]",
                "[resourceId('Microsoft.Network/networkSecurityGroups', parameters('networkSecurityGroups_AZE_NSG_01_name'))]"
            ],
            "kind": "Regular",
            "properties": {
                "ipConfigurations": [
                    {
                        "name": "ipconfig1",
                        "id": "[concat(resourceId('Microsoft.Network/networkInterfaces', parameters('networkInterfaces_aze_device01263_name')), '/ipConfigurations/ipconfig1')]",
                        "type": "Microsoft.Network/networkInterfaces/ipConfigurations",
                        "properties": {
                            "privateIPAddress": "10.0.0.7",
                            "privateIPAllocationMethod": "Dynamic",
                            "publicIPAddress": {
                                "id": "[resourceId('Microsoft.Network/publicIPAddresses', parameters('publicIPAddresses_AZE_Device01_ip_name'))]",
                                "properties": {
                                    "deleteOption": "Detach"
                                }
                            },
                            "subnet": {
                                "id": "[resourceId('Microsoft.Network/virtualNetworks/subnets', parameters('virtualNetworks_AZE_vnet_01_name'), 'default')]"
                            },
                            "primary": true,
                            "privateIPAddressVersion": "IPv4"
                        }
                    }
                ],
                "dnsSettings": {
                    "dnsServers": []
                },
                "enableAcceleratedNetworking": true,
                "enableIPForwarding": false,
                "disableTcpStateTracking": false,
                "networkSecurityGroup": {
                    "id": "[resourceId('Microsoft.Network/networkSecurityGroups', parameters('networkSecurityGroups_AZE_NSG_01_name'))]"
                },
                "nicType": "Standard",
                "auxiliaryMode": "None",
                "auxiliarySku": "None"
            }
        },
        {
            "type": "Microsoft.Network/networkInterfaces",
            "apiVersion": "2024-05-01",
            "name": "[parameters('networkInterfaces_aze_mecm_ps01922_name')]",
            "location": "eastus",
            "dependsOn": [
                "[resourceId('Microsoft.Network/publicIPAddresses', parameters('publicIPAddresses_AZE_MECM_PS01_ip_name'))]",
                "[resourceId('Microsoft.Network/virtualNetworks/subnets', parameters('virtualNetworks_AZE_vnet_01_name'), 'default')]",
                "[resourceId('Microsoft.Network/networkSecurityGroups', parameters('networkSecurityGroups_AZE_NSG_01_name'))]"
            ],
            "kind": "Regular",
            "properties": {
                "ipConfigurations": [
                    {
                        "name": "ipconfig1",
                        "id": "[concat(resourceId('Microsoft.Network/networkInterfaces', parameters('networkInterfaces_aze_mecm_ps01922_name')), '/ipConfigurations/ipconfig1')]",
                        "type": "Microsoft.Network/networkInterfaces/ipConfigurations",
                        "properties": {
                            "privateIPAddress": "10.0.0.6",
                            "privateIPAllocationMethod": "Dynamic",
                            "publicIPAddress": {
                                "id": "[resourceId('Microsoft.Network/publicIPAddresses', parameters('publicIPAddresses_AZE_MECM_PS01_ip_name'))]"
                            },
                            "subnet": {
                                "id": "[resourceId('Microsoft.Network/virtualNetworks/subnets', parameters('virtualNetworks_AZE_vnet_01_name'), 'default')]"
                            },
                            "primary": true,
                            "privateIPAddressVersion": "IPv4"
                        }
                    }
                ],
                "dnsSettings": {
                    "dnsServers": []
                },
                "enableAcceleratedNetworking": true,
                "enableIPForwarding": false,
                "disableTcpStateTracking": false,
                "networkSecurityGroup": {
                    "id": "[resourceId('Microsoft.Network/networkSecurityGroups', parameters('networkSecurityGroups_AZE_NSG_01_name'))]"
                },
                "nicType": "Standard",
                "auxiliaryMode": "None",
                "auxiliarySku": "None"
            }
        },
        {
            "type": "Microsoft.Network/networkInterfaces",
            "apiVersion": "2024-05-01",
            "name": "[parameters('networkInterfaces_aze_sql0150_name')]",
            "location": "eastus",
            "dependsOn": [
                "[resourceId('Microsoft.Network/publicIPAddresses', parameters('publicIPAddresses_AZE_SQL01_ip_name'))]",
                "[resourceId('Microsoft.Network/virtualNetworks/subnets', parameters('virtualNetworks_AZE_vnet_01_name'), 'default')]",
                "[resourceId('Microsoft.Network/networkSecurityGroups', parameters('networkSecurityGroups_AZE_NSG_01_name'))]"
            ],
            "kind": "Regular",
            "properties": {
                "ipConfigurations": [
                    {
                        "name": "ipconfig1",
                        "id": "[concat(resourceId('Microsoft.Network/networkInterfaces', parameters('networkInterfaces_aze_sql0150_name')), '/ipConfigurations/ipconfig1')]",
                        "type": "Microsoft.Network/networkInterfaces/ipConfigurations",
                        "properties": {
                            "privateIPAddress": "10.0.0.5",
                            "privateIPAllocationMethod": "Dynamic",
                            "publicIPAddress": {
                                "id": "[resourceId('Microsoft.Network/publicIPAddresses', parameters('publicIPAddresses_AZE_SQL01_ip_name'))]"
                            },
                            "subnet": {
                                "id": "[resourceId('Microsoft.Network/virtualNetworks/subnets', parameters('virtualNetworks_AZE_vnet_01_name'), 'default')]"
                            },
                            "primary": true,
                            "privateIPAddressVersion": "IPv4"
                        }
                    }
                ],
                "dnsSettings": {
                    "dnsServers": []
                },
                "enableAcceleratedNetworking": true,
                "enableIPForwarding": false,
                "disableTcpStateTracking": false,
                "networkSecurityGroup": {
                    "id": "[resourceId('Microsoft.Network/networkSecurityGroups', parameters('networkSecurityGroups_AZE_NSG_01_name'))]"
                },
                "nicType": "Standard",
                "auxiliaryMode": "None",
                "auxiliarySku": "None"
            }
        }
    ]
}